test_row_index,true_label,predicted_label,probability_fake,threshold,threshold_strategy,error_type,confidence_wrong,distance_to_threshold,case_bucket,row_id,user_id,asin,timestamp,title,rating,asin_split,user_id_split,timestamp_split,label,label_binary,text_snippet
2169,0,1,0.9872927665710449,0.5,default_0.5,false_positive_real_as_fake,0.9872927665710449,0.4872927665710449,false_positive_top,2169,AGUEFZUYXDUAC6DEFIHHMUAR3PEA,B01CTQC9J2,1/24/2017 1:06,Ehh,2,B01CTQC9J2,AGUEFZUYXDUAC6DEFIHHMUAR3PEA,1/24/2017 1:06,0,0,Ehh
2058,0,1,0.9852931499481201,0.5,default_0.5,false_positive_real_as_fake,0.9852931499481201,0.4852931499481201,false_positive_top,2058,AGRKZYDKMIYQSGCCFPNJENMTASFA,B07LDDP5TV,10/17/2020 18:40,nice and thick and soft,4,B07LDDP5TV,AGRKZYDKMIYQSGCCFPNJENMTASFA,10/17/2020 18:40,0,0,looks great!
3609,0,1,0.984893798828125,0.5,default_0.5,false_positive_real_as_fake,0.984893798828125,0.484893798828125,false_positive_top,3609,AFS37W3ZHLLPYEGY2R6HIT3ZAWAQ,B01LFO6IZK,12/7/2017 7:00,Three Stars,3,B01LFO6IZK,AFS37W3ZHLLPYEGY2R6HIT3ZAWAQ,12/7/2017 7:00,0,0,it's ok
2293,0,1,0.9844256043434143,0.5,default_0.5,false_positive_real_as_fake,0.9844256043434143,0.4844256043434143,false_positive_top,2293,AGIQCNVVTMVEMYP5WGVBGNNZXVRA,B079Y9LCXB,9/2/2018 20:26,100% effect,3,B079Y9LCXB,AGIQCNVVTMVEMYP5WGVBGNNZXVRA,9/2/2018 20:26,0,0,Excelent product
4060,0,1,0.9836122989654541,0.5,default_0.5,false_positive_real_as_fake,0.9836122989654541,0.4836122989654541,false_positive_top,4060,AEAK4M57EQ5CHHFMWXWPPDU7RU5Q,B01GQLTYLC,12/18/2016 16:53,Two Stars,2,B01GQLTYLC,AEAK4M57EQ5CHHFMWXWPPDU7RU5Q,12/18/2016 16:53,0,0,arrived very dry
4185,0,1,0.9795925617218018,0.5,default_0.5,false_positive_real_as_fake,0.9795925617218018,0.47959256172180176,false_positive_top,4185,AEUOKK4ZERRZ7RXMND2QCNJ4UHJQ,B08P4QQXHL,5/15/2021 14:46,Too tight and painful,2,B08P4QQXHL,AEUOKK4ZERRZ7RXMND2QCNJ4UHJQ,5/15/2021 14:46,0,0,Too tight and painful
1621,0,1,0.9795061349868774,0.5,default_0.5,false_positive_real_as_fake,0.9795061349868774,0.47950613498687744,false_positive_top,1621,AGHPJVTDIS2GSXPYHL3IGL46TKPA,B007BBW1WG,9/29/2016 3:33,Three Stars,3,B007BBW1WG,AGHPJVTDIS2GSXPYHL3IGL46TKPA,9/29/2016 3:33,0,0,Its an ok mask.
1535,0,1,0.9776700735092163,0.5,default_0.5,false_positive_real_as_fake,0.9776700735092163,0.4776700735092163,false_positive_top,1535,AF4ID4I76VMOPH7PCBFODAKK65KQ,B01MDTVZTZ,12/15/2022 18:46,Great product,4,B01MDTVZTZ,AF4ID4I76VMOPH7PCBFODAKK65KQ,12/15/2022 18:46,0,0,Pores are tightening
3992,0,1,0.9776427745819092,0.5,default_0.5,false_positive_real_as_fake,0.9776427745819092,0.4776427745819092,false_positive_top,3992,AEL26EZISWPJHAOQ2YI54CRVJREQ,B08TM1NJRD,4/18/2021 12:46,So-so,3,B08TM1NJRD,AEL26EZISWPJHAOQ2YI54CRVJREQ,4/18/2021 12:46,0,0,Expected more from the product
2370,0,1,0.9749425649642944,0.5,default_0.5,false_positive_real_as_fake,0.9749425649642944,0.47494256496429443,false_positive_top,2370,AHTJYSTDT4C4MDDDTGVWRWRQB74Q,B0184K0Y1M,6/9/2017 12:06,Three Stars,3,B0184K0Y1M,AHTJYSTDT4C4MDDDTGVWRWRQB74Q,6/9/2017 12:06,0,0,didn't fit my bottles.
3505,0,1,0.9747124910354614,0.5,default_0.5,false_positive_real_as_fake,0.9747124910354614,0.4747124910354614,false_positive_top,3505,AFVJBMNSE72SB2S42HGV2A3C4QMA,B07VL7KQM7,6/15/2020 3:00,"Loses its hair, poor quality.",2,B07VL7KQM7,AFVJBMNSE72SB2S42HGV2A3C4QMA,6/15/2020 3:00,0,0,"Loses its hair, poor quality."
4606,0,1,0.9729975461959839,0.5,default_0.5,false_positive_real_as_fake,0.9729975461959839,0.4729975461959839,false_positive_top,4606,AFCZPXDUS6HFEXUB4MGI5BPQ6LTA,B008FHGBNU,11/15/2019 6:40,It gets the tangles out,4,B008FHGBNU,AFCZPXDUS6HFEXUB4MGI5BPQ6LTA,11/15/2019 6:40,0,0,My granddaughter uses it
3446,0,1,0.9716868996620178,0.5,default_0.5,false_positive_real_as_fake,0.9716868996620178,0.4716868996620178,false_positive_top,3446,AH72NX6WDBZQOOHVI4NLLDSIUJHQ,B07CHS3866,7/1/2018 21:20,Four Stars,4,B07CHS3866,AH72NX6WDBZQOOHVI4NLLDSIUJHQ,7/1/2018 21:20,0,0,just started using it.
6007,0,1,0.9716604948043823,0.5,default_0.5,false_positive_real_as_fake,0.9716604948043823,0.4716604948043823,false_positive_top,6007,AHFHCUK3MXCZ3NBNSVEC2MF27Y6A,B01J4UYFG6,11/3/2017 6:20,Four Stars,4,B01J4UYFG6,AHFHCUK3MXCZ3NBNSVEC2MF27Y6A,11/3/2017 6:20,0,0,Great! Doesn’t flake.
6095,0,1,0.968321681022644,0.5,default_0.5,false_positive_real_as_fake,0.968321681022644,0.46832168102264404,false_positive_top,6095,AEFCHGBZFUDQQ36INJU46IXGTAMA,B075WF94X4,6/24/2022 0:20,works ok,4,B075WF94X4,AEFCHGBZFUDQQ36INJU46IXGTAMA,6/24/2022 0:20,0,0,still working
1052,0,1,0.9652600288391113,0.5,default_0.5,false_positive_real_as_fake,0.9652600288391113,0.46526002883911133,false_positive_top,1052,AHGZJTURP7T7KZT2JLLYAJ5WDYCQ,B01LZERDW6,10/26/2017 15:00,good for the price,4,B01LZERDW6,AHGZJTURP7T7KZT2JLLYAJ5WDYCQ,10/26/2017 15:00,0,0,"Very cute, good for the price."
2574,0,1,0.9644493460655212,0.5,default_0.5,false_positive_real_as_fake,0.9644493460655212,0.46444934606552124,false_positive_top,2574,AFKMAW55BXSUW2NTUYWRACBL4WRQ,B08CXB2Z69,2/23/2021 0:26,Wasn't satisfied,3,B08CXB2Z69,AFKMAW55BXSUW2NTUYWRACBL4WRQ,2/23/2021 0:26,0,0,Not was what expected
1482,0,1,0.9636409282684326,0.5,default_0.5,false_positive_real_as_fake,0.9636409282684326,0.4636409282684326,false_positive_top,1482,AHY2YBW5W5PJC5PAZMYX4I5VXPCA,B08KY9H3FD,3/2/2021 18:33,look nice,3,B08KY9H3FD,AHY2YBW5W5PJC5PAZMYX4I5VXPCA,3/2/2021 18:33,0,0,look good but edges lift very quickly
4884,0,1,0.9626616835594177,0.5,default_0.5,false_positive_real_as_fake,0.9626616835594177,0.4626616835594177,false_positive_top,4884,AFSUYR64A5EIPCZ4OGNDJHJHL6MA,B07DGCTKZK,9/25/2018 1:46,Three stars,3,B07DGCTKZK,AFSUYR64A5EIPCZ4OGNDJHJHL6MA,9/25/2018 1:46,0,0,Good enough quality for a cheap price.
4599,0,1,0.9610920548439026,0.5,default_0.5,false_positive_real_as_fake,0.9610920548439026,0.4610920548439026,false_positive_top,4599,AFHJ3I373JRGUJOUTHMVND2VMYHA,B06WWL6NLH,7/27/2017 21:13,Three Stars,3,B06WWL6NLH,AFHJ3I373JRGUJOUTHMVND2VMYHA,7/27/2017 21:13,0,0,Not long enough
3560,0,1,0.961039125919342,0.5,default_0.5,false_positive_real_as_fake,0.961039125919342,0.46103912591934204,false_positive_top,3560,AFMQ3ZSFJ2AFIC254PM35OPZZWTQ,B08Q3ZWQSY,3/16/2021 2:00,Doesn’t stay on,2,B08Q3ZWQSY,AFMQ3ZSFJ2AFIC254PM35OPZZWTQ,3/16/2021 2:00,0,0,Don’t stay on when sleeping
933,0,1,0.9560989141464233,0.5,default_0.5,false_positive_real_as_fake,0.9560989141464233,0.45609891414642334,false_positive_top,933,AGXONXJERTMCIDOP5HOSWCLSX5DA,B01JH0T0Q8,7/16/2018 14:06,No rough skin,4,B01JH0T0Q8,AGXONXJERTMCIDOP5HOSWCLSX5DA,7/16/2018 14:06,0,0,A good cream
4448,0,1,0.9520449638366699,0.5,default_0.5,false_positive_real_as_fake,0.9520449638366699,0.4520449638366699,false_positive_top,4448,AECDPSORHNEOAIXUOO7YB3SL4HMQ,B07GFT71J7,6/25/2019 16:26,Its ok,4,B07GFT71J7,AECDPSORHNEOAIXUOO7YB3SL4HMQ,6/25/2019 16:26,0,0,Its ok
4899,0,1,0.9471533298492432,0.5,default_0.5,false_positive_real_as_fake,0.9471533298492432,0.44715332984924316,false_positive_top,4899,AH3JXEIP3QNPGEXMXWL2SAWMWVRA,B08TH51DYQ,5/12/2021 17:20,Frizz problem,4,B08TH51DYQ,AH3JXEIP3QNPGEXMXWL2SAWMWVRA,5/12/2021 17:20,0,0,Pretty but will Frizz very quickly
5307,0,1,0.946035623550415,0.5,default_0.5,false_positive_real_as_fake,0.946035623550415,0.44603562355041504,false_positive_top,5307,AE4VY3S3R2GGGR2HE4LVDUTWHA2Q,B07BJZ5MH8,11/14/2019 22:20,Horrible,3,B07BJZ5MH8,AE4VY3S3R2GGGR2HE4LVDUTWHA2Q,11/14/2019 22:20,0,0,Sucks
563,1,0,0.012330513447523117,0.5,default_0.5,false_negative_fake_as_real,0.9876694865524769,0.4876694865524769,false_negative_top,563,AESCMVUHBQXJ2ZEZZY7GYOBFNT7Q,B08TBH486Y,5/29/2022 13:13,Love it,5,B08TBH486Y,AESCMVUHBQXJ2ZEZZY7GYOBFNT7Q,5/29/2022 13:13,1,1,"I used this wig with my Halloween costume. This wig is super soft, easy to comb and style."
6277,1,0,0.012842858210206032,0.5,default_0.5,false_negative_fake_as_real,0.987157141789794,0.48715714178979397,false_negative_top,6277,AEHU7EQ2DWEVKFPJSPVLY6XDSHDA,B07L8K15KD,10/13/2021 18:33,Great,5,B07L8K15KD,AEHU7EQ2DWEVKFPJSPVLY6XDSHDA,10/13/2021 18:33,1,1,"I ordered four sets. I only received two duplicates out of all of them. I'm assuming I got so lucky since I ordered them all together. Either way, I'm very happy with my purchase."
5403,1,0,0.013806678354740143,0.5,default_0.5,false_negative_fake_as_real,0.9861933216452599,0.48619332164525986,false_negative_top,5403,AH2ML2DWN5L22FTFWLQHZDT6MX5A,B07HD2L4YK,7/12/2019 2:53,Love it,4,B07HD2L4YK,AH2ML2DWN5L22FTFWLQHZDT6MX5A,7/12/2019 2:53,1,1,"I have really curly hair, and it did a great job straightening my hair."
4711,1,0,0.01576753333210945,0.5,default_0.5,false_negative_fake_as_real,0.9842324666678905,0.48423246666789055,false_negative_top,4711,AFN7L27IXV33TGCI4FHVE552JH2A,B07QZ4JC62,1/29/2020 23:20,Nice,4,B07QZ4JC62,AFN7L27IXV33TGCI4FHVE552JH2A,1/29/2020 23:20,1,1,This is nice quality and has held up well after many uses.
3212,1,0,0.01717022806406021,0.5,default_0.5,false_negative_fake_as_real,0.9828297719359398,0.4828297719359398,false_negative_top,3212,AGLJNCRKYLCFTNXDPJ2HYAWMFOUQ,B084NTBWQT,2/20/2022 15:13,Excellent,5,B084NTBWQT,AGLJNCRKYLCFTNXDPJ2HYAWMFOUQ,2/20/2022 15:13,1,1,"Beautiful designs, they are just the right size for the nail."
5982,1,0,0.017591755837202072,0.5,default_0.5,false_negative_fake_as_real,0.9824082441627979,0.48240824416279793,false_negative_top,5982,AFRKM5NWSIU6H543FQHLNN5ZNWSA,B09TKJQPN4,10/4/2022 2:20,Good,5,B09TKJQPN4,AFRKM5NWSIU6H543FQHLNN5ZNWSA,10/4/2022 2:20,1,1,Good  quality hair  I  bleached  it  several  times  n  it's  still soft
3137,1,0,0.01858983002603054,0.5,default_0.5,false_negative_fake_as_real,0.9814101699739695,0.48141016997396946,false_negative_top,3137,AHXNHLOD7E7ENVJ4QJEJIVFAOT5A,B0011DL8T2,9/23/2015 23:13,great,5,B0011DL8T2,AHXNHLOD7E7ENVJ4QJEJIVFAOT5A,9/23/2015 23:13,1,1,not lotion or oil really just rose water leaves skin nice and fresh with a gentle scent
2343,1,0,0.02014067769050598,0.5,default_0.5,false_negative_fake_as_real,0.979859322309494,0.479859322309494,false_negative_top,2343,AGHWHRNCF2AJBD7UNS7JHUK7XSYA,B00NQ2CCOQ,9/12/2018 11:00,Amazing,5,B00NQ2CCOQ,AGHWHRNCF2AJBD7UNS7JHUK7XSYA,9/12/2018 11:00,1,1,"Excellent company I got the item 2-3weels early. Smells great, perfect fir breast feeding"
2192,1,0,0.02027667872607708,0.5,default_0.5,false_negative_fake_as_real,0.9797233212739229,0.4797233212739229,false_negative_top,2192,AFVVSP4QRQCORIAEG4V4PIJQOXGA,B017O89LD2,8/12/2018 2:13,Great,5,B017O89LD2,AFVVSP4QRQCORIAEG4V4PIJQOXGA,8/12/2018 2:13,1,1,One of the few products that have consistantly detangled my hair and I have 5 different textures.
4464,1,0,0.02291511744260788,0.5,default_0.5,false_negative_fake_as_real,0.9770848825573921,0.4770848825573921,false_negative_top,4464,AH23OXHZNCXO2BGCUPHABIYPBE4Q,B091HZTZKZ,8/1/2021 17:46,Love it,4,B091HZTZKZ,AH23OXHZNCXO2BGCUPHABIYPBE4Q,8/1/2021 17:46,1,1,This unit is great. Very soft light weight and tangle free.
1469,1,0,0.0240645632147789,0.5,default_0.5,false_negative_fake_as_real,0.9759354367852211,0.4759354367852211,false_negative_top,1469,AGHZCZA7T43JCQQVXK6DCF32RAYQ,B07T96KT58,4/23/2020 2:46,Love it,5,B07T96KT58,AGHZCZA7T43JCQQVXK6DCF32RAYQ,4/23/2020 2:46,1,1,"I love this little thing, I love putting my own scents in it, I am so grateful I purchased it"
638,1,0,0.024590812623500824,0.5,default_0.5,false_negative_fake_as_real,0.9754091873764992,0.4754091873764992,false_negative_top,638,AEK25X7OZRXBKNW7G6Y6VOSDB2VQ,B088FQRMQN,7/17/2020 23:53,great,5,B088FQRMQN,AEK25X7OZRXBKNW7G6Y6VOSDB2VQ,7/17/2020 23:53,1,1,Loved this product gave my bun a fuller fluffy look!
822,1,0,0.0247042216360569,0.5,default_0.5,false_negative_fake_as_real,0.9752957783639431,0.4752957783639431,false_negative_top,822,AECBK62FXFZFHXA65QVYGWTESICA,B09B4XGMKZ,8/8/2022 17:33,Amazing,5,B09B4XGMKZ,AECBK62FXFZFHXA65QVYGWTESICA,8/8/2022 17:33,1,1,"This product was bought for a family member who has a bad eye. Which they said it is very comfortable, and helps them tremendously"
6208,1,0,0.025182418525218964,0.5,default_0.5,false_negative_fake_as_real,0.974817581474781,0.47481758147478104,false_negative_top,6208,AFL5UWOTUBQ73KIZF7YKPJGFPIEQ,B087R6RGGL,3/25/2021 8:13,Great,5,B087R6RGGL,AFL5UWOTUBQ73KIZF7YKPJGFPIEQ,3/25/2021 8:13,1,1,I like thebhair I purchased 3 packs because I was unsure but I love it. Light not heavy at all. No complaints
5833,1,0,0.02541181445121765,0.5,default_0.5,false_negative_fake_as_real,0.9745881855487823,0.47458818554878235,false_negative_top,5833,AF4JQ2HPCD6QVWSK6TVXKWFUI6TA,B06XFQGQX7,12/6/2018 1:33,Excellent,5,B06XFQGQX7,AF4JQ2HPCD6QVWSK6TVXKWFUI6TA,12/6/2018 1:33,1,1,This wax is very thick and smooth. It sets every hair in the brows very nicely
401,1,0,0.02639012038707733,0.5,default_0.5,false_negative_fake_as_real,0.9736098796129227,0.47360987961292267,false_negative_top,401,AHIHLZXKVQEKSTUXWENB37MCNP4Q,B01H54UGU2,8/18/2021 15:20,NOT the Correct Blonde,1,B01H54UGU2,AHIHLZXKVQEKSTUXWENB37MCNP4Q,8/18/2021 15:20,1,1,The blonde in the image is much lighter than what I received.
3913,1,0,0.026872005313634872,0.5,default_0.5,false_negative_fake_as_real,0.9731279946863651,0.4731279946863651,false_negative_top,3913,AE43BNBY4RPUZ5UIL5B5VXIGGIPA,B07H8VF1WT,3/18/2022 13:26,Love it,5,B07H8VF1WT,AE43BNBY4RPUZ5UIL5B5VXIGGIPA,3/18/2022 13:26,1,1,This spray is soft yet holds my hair. I love it
4900,1,0,0.02770961821079254,0.5,default_0.5,false_negative_fake_as_real,0.9722903817892075,0.47229038178920746,false_negative_top,4900,AHL7P7BUWERK3FFGFYC6NINYUJLQ,B08BZ3KPS7,9/16/2020 18:13,Great,5,B08BZ3KPS7,AHL7P7BUWERK3FFGFYC6NINYUJLQ,9/16/2020 18:13,1,1,Great for my hair salon. Easy to use and no fuss
1118,1,0,0.028521867468953133,0.5,default_0.5,false_negative_fake_as_real,0.9714781325310469,0.47147813253104687,false_negative_top,1118,AFYTI7B4BJSFPAN2P4Q3L54GJAZQ,B09B75BK97,2/12/2023 19:26,Excellent,5,B09B75BK97,AFYTI7B4BJSFPAN2P4Q3L54GJAZQ,2/12/2023 19:26,1,1,"I use it to sleep & relax. I also applied oils, and cream, before placing it. It really moist my neck.<br />Thank you.."
1042,1,0,0.028589684516191483,0.5,default_0.5,false_negative_fake_as_real,0.9714103154838085,0.4714103154838085,false_negative_top,1042,AHEVJTCQGJZZLZOFGHNZS5ZUSRUQ,B07772WDWH,8/6/2019 16:46,Love It,5,B07772WDWH,AHEVJTCQGJZZLZOFGHNZS5ZUSRUQ,8/6/2019 16:46,1,1,"I have straight hair but with this product the curl stays.  After I wash my hair, I spray my brush rollers with this and set my hair.  The curl stays....."
496,1,0,0.028802689164876938,0.5,default_0.5,false_negative_fake_as_real,0.9711973108351231,0.47119731083512306,false_negative_top,496,AFUXUFABW57CMEL3PO7ACRVGPFWA,B00MS93CCY,4/11/2015 5:26,Excellent,5,B00MS93CCY,AFUXUFABW57CMEL3PO7ACRVGPFWA,4/11/2015 5:26,1,1,"Excellent and easy to use, make sure when purchasing that you have the punch and anvil, this package does not come with them"
354,1,0,0.029418587684631348,0.5,default_0.5,false_negative_fake_as_real,0.9705814123153687,0.47058141231536865,false_negative_top,354,AGC5OEBRBQJRYLQUYW6BMWGR2E7A,B083DJCNRC,7/7/2020 22:13,Great,5,B083DJCNRC,AGC5OEBRBQJRYLQUYW6BMWGR2E7A,7/7/2020 22:13,1,1,I definitely recommend this product. It shipped very fast and was exactly as pictured. The bristles are perfect for dry brushing because they are firm yet soft. They don’t irritate or hurt my skin.
5762,1,0,0.030838970094919205,0.5,default_0.5,false_negative_fake_as_real,0.9691610299050808,0.4691610299050808,false_negative_top,5762,AHP2YDF6KJTA3BON7RU5HGGLYLEQ,B07PVYFVJS,4/16/2019 21:26,Love it,5,B07PVYFVJS,AHP2YDF6KJTA3BON7RU5HGGLYLEQ,4/16/2019 21:26,1,1,Hair was soft and true to length also takes color great
6061,1,0,0.030930662527680397,0.5,default_0.5,false_negative_fake_as_real,0.9690693374723196,0.4690693374723196,false_negative_top,6061,AFSIUBEKTGCLG4S3FHXP3SYYNOAQ,B08TBNT45S,11/5/2021 16:33,Nice,4,B08TBNT45S,AFSIUBEKTGCLG4S3FHXP3SYYNOAQ,11/5/2021 16:33,1,1,"I’m suffering from oil skin and this helps me a lot, especially while I’m at work!"
4499,1,0,0.031103502959012985,0.5,default_0.5,false_negative_fake_as_real,0.968896497040987,0.468896497040987,false_negative_top,4499,AHF7KBJZSGU554GWHPPR7HLEZETQ,B08676YMWC,6/11/2021 5:40,Amazing,5,B08676YMWC,AHF7KBJZSGU554GWHPPR7HLEZETQ,6/11/2021 5:40,1,1,I absolutely love love love this hair. I bleached and colored and still had minimal shedding and no tangling. Will definitely be ordering again.
563,1,0,0.012330513447523117,0.5,default_0.5,false_negative_fake_as_real,0.9876694865524769,0.4876694865524769,highest_confidence_wrong,563,AESCMVUHBQXJ2ZEZZY7GYOBFNT7Q,B08TBH486Y,5/29/2022 13:13,Love it,5,B08TBH486Y,AESCMVUHBQXJ2ZEZZY7GYOBFNT7Q,5/29/2022 13:13,1,1,"I used this wig with my Halloween costume. This wig is super soft, easy to comb and style."
2169,0,1,0.9872927665710449,0.5,default_0.5,false_positive_real_as_fake,0.9872927665710449,0.4872927665710449,highest_confidence_wrong,2169,AGUEFZUYXDUAC6DEFIHHMUAR3PEA,B01CTQC9J2,1/24/2017 1:06,Ehh,2,B01CTQC9J2,AGUEFZUYXDUAC6DEFIHHMUAR3PEA,1/24/2017 1:06,0,0,Ehh
6277,1,0,0.012842858210206032,0.5,default_0.5,false_negative_fake_as_real,0.987157141789794,0.48715714178979397,highest_confidence_wrong,6277,AEHU7EQ2DWEVKFPJSPVLY6XDSHDA,B07L8K15KD,10/13/2021 18:33,Great,5,B07L8K15KD,AEHU7EQ2DWEVKFPJSPVLY6XDSHDA,10/13/2021 18:33,1,1,"I ordered four sets. I only received two duplicates out of all of them. I'm assuming I got so lucky since I ordered them all together. Either way, I'm very happy with my purchase."
5403,1,0,0.013806678354740143,0.5,default_0.5,false_negative_fake_as_real,0.9861933216452599,0.48619332164525986,highest_confidence_wrong,5403,AH2ML2DWN5L22FTFWLQHZDT6MX5A,B07HD2L4YK,7/12/2019 2:53,Love it,4,B07HD2L4YK,AH2ML2DWN5L22FTFWLQHZDT6MX5A,7/12/2019 2:53,1,1,"I have really curly hair, and it did a great job straightening my hair."
2058,0,1,0.9852931499481201,0.5,default_0.5,false_positive_real_as_fake,0.9852931499481201,0.4852931499481201,highest_confidence_wrong,2058,AGRKZYDKMIYQSGCCFPNJENMTASFA,B07LDDP5TV,10/17/2020 18:40,nice and thick and soft,4,B07LDDP5TV,AGRKZYDKMIYQSGCCFPNJENMTASFA,10/17/2020 18:40,0,0,looks great!
3609,0,1,0.984893798828125,0.5,default_0.5,false_positive_real_as_fake,0.984893798828125,0.484893798828125,highest_confidence_wrong,3609,AFS37W3ZHLLPYEGY2R6HIT3ZAWAQ,B01LFO6IZK,12/7/2017 7:00,Three Stars,3,B01LFO6IZK,AFS37W3ZHLLPYEGY2R6HIT3ZAWAQ,12/7/2017 7:00,0,0,it's ok
2293,0,1,0.9844256043434143,0.5,default_0.5,false_positive_real_as_fake,0.9844256043434143,0.4844256043434143,highest_confidence_wrong,2293,AGIQCNVVTMVEMYP5WGVBGNNZXVRA,B079Y9LCXB,9/2/2018 20:26,100% effect,3,B079Y9LCXB,AGIQCNVVTMVEMYP5WGVBGNNZXVRA,9/2/2018 20:26,0,0,Excelent product
4711,1,0,0.01576753333210945,0.5,default_0.5,false_negative_fake_as_real,0.9842324666678905,0.48423246666789055,highest_confidence_wrong,4711,AFN7L27IXV33TGCI4FHVE552JH2A,B07QZ4JC62,1/29/2020 23:20,Nice,4,B07QZ4JC62,AFN7L27IXV33TGCI4FHVE552JH2A,1/29/2020 23:20,1,1,This is nice quality and has held up well after many uses.
4060,0,1,0.9836122989654541,0.5,default_0.5,false_positive_real_as_fake,0.9836122989654541,0.4836122989654541,highest_confidence_wrong,4060,AEAK4M57EQ5CHHFMWXWPPDU7RU5Q,B01GQLTYLC,12/18/2016 16:53,Two Stars,2,B01GQLTYLC,AEAK4M57EQ5CHHFMWXWPPDU7RU5Q,12/18/2016 16:53,0,0,arrived very dry
3212,1,0,0.01717022806406021,0.5,default_0.5,false_negative_fake_as_real,0.9828297719359398,0.4828297719359398,highest_confidence_wrong,3212,AGLJNCRKYLCFTNXDPJ2HYAWMFOUQ,B084NTBWQT,2/20/2022 15:13,Excellent,5,B084NTBWQT,AGLJNCRKYLCFTNXDPJ2HYAWMFOUQ,2/20/2022 15:13,1,1,"Beautiful designs, they are just the right size for the nail."
5982,1,0,0.017591755837202072,0.5,default_0.5,false_negative_fake_as_real,0.9824082441627979,0.48240824416279793,highest_confidence_wrong,5982,AFRKM5NWSIU6H543FQHLNN5ZNWSA,B09TKJQPN4,10/4/2022 2:20,Good,5,B09TKJQPN4,AFRKM5NWSIU6H543FQHLNN5ZNWSA,10/4/2022 2:20,1,1,Good  quality hair  I  bleached  it  several  times  n  it's  still soft
3137,1,0,0.01858983002603054,0.5,default_0.5,false_negative_fake_as_real,0.9814101699739695,0.48141016997396946,highest_confidence_wrong,3137,AHXNHLOD7E7ENVJ4QJEJIVFAOT5A,B0011DL8T2,9/23/2015 23:13,great,5,B0011DL8T2,AHXNHLOD7E7ENVJ4QJEJIVFAOT5A,9/23/2015 23:13,1,1,not lotion or oil really just rose water leaves skin nice and fresh with a gentle scent
2343,1,0,0.02014067769050598,0.5,default_0.5,false_negative_fake_as_real,0.979859322309494,0.479859322309494,highest_confidence_wrong,2343,AGHWHRNCF2AJBD7UNS7JHUK7XSYA,B00NQ2CCOQ,9/12/2018 11:00,Amazing,5,B00NQ2CCOQ,AGHWHRNCF2AJBD7UNS7JHUK7XSYA,9/12/2018 11:00,1,1,"Excellent company I got the item 2-3weels early. Smells great, perfect fir breast feeding"
2192,1,0,0.02027667872607708,0.5,default_0.5,false_negative_fake_as_real,0.9797233212739229,0.4797233212739229,highest_confidence_wrong,2192,AFVVSP4QRQCORIAEG4V4PIJQOXGA,B017O89LD2,8/12/2018 2:13,Great,5,B017O89LD2,AFVVSP4QRQCORIAEG4V4PIJQOXGA,8/12/2018 2:13,1,1,One of the few products that have consistantly detangled my hair and I have 5 different textures.
4185,0,1,0.9795925617218018,0.5,default_0.5,false_positive_real_as_fake,0.9795925617218018,0.47959256172180176,highest_confidence_wrong,4185,AEUOKK4ZERRZ7RXMND2QCNJ4UHJQ,B08P4QQXHL,5/15/2021 14:46,Too tight and painful,2,B08P4QQXHL,AEUOKK4ZERRZ7RXMND2QCNJ4UHJQ,5/15/2021 14:46,0,0,Too tight and painful
1621,0,1,0.9795061349868774,0.5,default_0.5,false_positive_real_as_fake,0.9795061349868774,0.47950613498687744,highest_confidence_wrong,1621,AGHPJVTDIS2GSXPYHL3IGL46TKPA,B007BBW1WG,9/29/2016 3:33,Three Stars,3,B007BBW1WG,AGHPJVTDIS2GSXPYHL3IGL46TKPA,9/29/2016 3:33,0,0,Its an ok mask.
1535,0,1,0.9776700735092163,0.5,default_0.5,false_positive_real_as_fake,0.9776700735092163,0.4776700735092163,highest_confidence_wrong,1535,AF4ID4I76VMOPH7PCBFODAKK65KQ,B01MDTVZTZ,12/15/2022 18:46,Great product,4,B01MDTVZTZ,AF4ID4I76VMOPH7PCBFODAKK65KQ,12/15/2022 18:46,0,0,Pores are tightening
3992,0,1,0.9776427745819092,0.5,default_0.5,false_positive_real_as_fake,0.9776427745819092,0.4776427745819092,highest_confidence_wrong,3992,AEL26EZISWPJHAOQ2YI54CRVJREQ,B08TM1NJRD,4/18/2021 12:46,So-so,3,B08TM1NJRD,AEL26EZISWPJHAOQ2YI54CRVJREQ,4/18/2021 12:46,0,0,Expected more from the product
4464,1,0,0.02291511744260788,0.5,default_0.5,false_negative_fake_as_real,0.9770848825573921,0.4770848825573921,highest_confidence_wrong,4464,AH23OXHZNCXO2BGCUPHABIYPBE4Q,B091HZTZKZ,8/1/2021 17:46,Love it,4,B091HZTZKZ,AH23OXHZNCXO2BGCUPHABIYPBE4Q,8/1/2021 17:46,1,1,This unit is great. Very soft light weight and tangle free.
1469,1,0,0.0240645632147789,0.5,default_0.5,false_negative_fake_as_real,0.9759354367852211,0.4759354367852211,highest_confidence_wrong,1469,AGHZCZA7T43JCQQVXK6DCF32RAYQ,B07T96KT58,4/23/2020 2:46,Love it,5,B07T96KT58,AGHZCZA7T43JCQQVXK6DCF32RAYQ,4/23/2020 2:46,1,1,"I love this little thing, I love putting my own scents in it, I am so grateful I purchased it"
638,1,0,0.024590812623500824,0.5,default_0.5,false_negative_fake_as_real,0.9754091873764992,0.4754091873764992,highest_confidence_wrong,638,AEK25X7OZRXBKNW7G6Y6VOSDB2VQ,B088FQRMQN,7/17/2020 23:53,great,5,B088FQRMQN,AEK25X7OZRXBKNW7G6Y6VOSDB2VQ,7/17/2020 23:53,1,1,Loved this product gave my bun a fuller fluffy look!
822,1,0,0.0247042216360569,0.5,default_0.5,false_negative_fake_as_real,0.9752957783639431,0.4752957783639431,highest_confidence_wrong,822,AECBK62FXFZFHXA65QVYGWTESICA,B09B4XGMKZ,8/8/2022 17:33,Amazing,5,B09B4XGMKZ,AECBK62FXFZFHXA65QVYGWTESICA,8/8/2022 17:33,1,1,"This product was bought for a family member who has a bad eye. Which they said it is very comfortable, and helps them tremendously"
2370,0,1,0.9749425649642944,0.5,default_0.5,false_positive_real_as_fake,0.9749425649642944,0.47494256496429443,highest_confidence_wrong,2370,AHTJYSTDT4C4MDDDTGVWRWRQB74Q,B0184K0Y1M,6/9/2017 12:06,Three Stars,3,B0184K0Y1M,AHTJYSTDT4C4MDDDTGVWRWRQB74Q,6/9/2017 12:06,0,0,didn't fit my bottles.
6208,1,0,0.025182418525218964,0.5,default_0.5,false_negative_fake_as_real,0.974817581474781,0.47481758147478104,highest_confidence_wrong,6208,AFL5UWOTUBQ73KIZF7YKPJGFPIEQ,B087R6RGGL,3/25/2021 8:13,Great,5,B087R6RGGL,AFL5UWOTUBQ73KIZF7YKPJGFPIEQ,3/25/2021 8:13,1,1,I like thebhair I purchased 3 packs because I was unsure but I love it. Light not heavy at all. No complaints
3505,0,1,0.9747124910354614,0.5,default_0.5,false_positive_real_as_fake,0.9747124910354614,0.4747124910354614,highest_confidence_wrong,3505,AFVJBMNSE72SB2S42HGV2A3C4QMA,B07VL7KQM7,6/15/2020 3:00,"Loses its hair, poor quality.",2,B07VL7KQM7,AFVJBMNSE72SB2S42HGV2A3C4QMA,6/15/2020 3:00,0,0,"Loses its hair, poor quality."
2441,0,0,0.49981823563575745,0.5,default_0.5,correct,,0.0001817643642425537,borderline_near_threshold,2441,AG3KELZVYE4ISD4VFS3HSUEYEGOA,B000NJJFBI,2/3/2016 14:33,Five Stars,5,B000NJJFBI,AG3KELZVYE4ISD4VFS3HSUEYEGOA,2/3/2016 14:33,0,0,These worked great. Easy to use. Great curls.
2930,1,1,0.5001897811889648,0.5,default_0.5,correct,,0.00018978118896484375,borderline_near_threshold,2930,AHVQGHNCCWEGFWSZKPQLVF3GJFWA,B08NHT4MGQ,7/17/2022 9:26,Fabulous product,5,B08NHT4MGQ,AHVQGHNCCWEGFWSZKPQLVF3GJFWA,7/17/2022 9:26,1,1,"Drys quick, covers well and dogs do not seem bothered by it. No licking or chewing after application."
5378,1,0,0.4997897744178772,0.5,default_0.5,false_negative_fake_as_real,0.5002102255821228,0.00021022558212280273,borderline_near_threshold,5378,AGHADWPFRNLO4IIPD76JZQCGZVLQ,B07D4PFTM8,6/1/2021 1:13,Working on improving my cat's health,4,B07D4PFTM8,AGHADWPFRNLO4IIPD76JZQCGZVLQ,6/1/2021 1:13,1,1,"It has been good, she responds to the finger tip brush. And we will see at time passes if her breath and health get better."
1258,1,1,0.5004252791404724,0.5,default_0.5,correct,,0.0004252791404724121,borderline_near_threshold,1258,AEPDTITOOXTILG5K42BRDN4SEY4Q,B0145EDNPK,1/27/2016 15:53,I started getting bad rashes on my arms that took couple of weeks ...,3,B0145EDNPK,AEPDTITOOXTILG5K42BRDN4SEY4Q,1/27/2016 15:53,1,1,I used this cream on my face and arms.....I started getting bad rashes on my arms that took couple of weeks to go away.<br />My face did not get any rashes though.<br />I do see slight lightened complexion so I use it in small quantity once a day every other d
3028,1,1,0.5005702972412109,0.5,default_0.5,correct,,0.0005702972412109375,borderline_near_threshold,3028,AGMLNL3ZBBORTX74G27B5S3GNN2Q,B0891RG1KC,10/21/2020 14:20,Broken on Arrival,1,B0891RG1KC,AGMLNL3ZBBORTX74G27B5S3GNN2Q,10/21/2020 14:20,1,1,Burnt my hair~ Got a refund immediately.
5564,1,0,0.49940717220306396,0.5,default_0.5,false_negative_fake_as_real,0.500592827796936,0.0005928277969360352,borderline_near_threshold,5564,AEBXWBMAUNQZZFSUPVW3DUCX5PHA,B07HC5NTXG,7/1/2019 22:26,Last longer,4,B07HC5NTXG,AEBXWBMAUNQZZFSUPVW3DUCX5PHA,7/1/2019 22:26,1,1,"Although these seem softer to the touch than other brands I've purchased, they work just as well and last a lot longer. Very nice."
4519,1,1,0.5006260871887207,0.5,default_0.5,correct,,0.0006260871887207031,borderline_near_threshold,4519,AET6AVLLRCXR2OOBVJSYNYTQ7KDQ,B01M07K8SL,5/16/2020 23:00,Well made,5,B01M07K8SL,AET6AVLLRCXR2OOBVJSYNYTQ7KDQ,5/16/2020 23:00,1,1,A little tight but well made with 2-ply material. Not see through at all! Could definitely use as a mask if needed.
3703,1,1,0.5007649660110474,0.5,default_0.5,correct,,0.0007649660110473633,borderline_near_threshold,3703,AH2722SH65WDJHIMK5D5PE7IZLAQ,B083LYH94D,10/24/2020 14:33,Works like a charm!,5,B083LYH94D,AH2722SH65WDJHIMK5D5PE7IZLAQ,10/24/2020 14:33,1,1,"This works super well for my gel /poly gel nails. It is durable and works like a charm. Cures in seconds, seems powerful. Well worth the money."
5428,1,0,0.49871107935905457,0.5,default_0.5,false_negative_fake_as_real,0.5012889206409454,0.0012889206409454346,borderline_near_threshold,5428,AEWD6RFCHK6US5QQQMEAP4VT6P2Q,B00U4O3YHI,10/4/2016 16:53,Great brushes but might come apart!,3,B00U4O3YHI,AEWD6RFCHK6US5QQQMEAP4VT6P2Q,10/4/2016 16:53,1,1,These are beautiful brushes that seen like they are good quality.  The only reason I'm giving it a 3 is because one of my brushes came apart as soon as i took it out of the package but it's nothing a little super glue can't fix. Otherwise they're great.
2369,0,1,0.5012889504432678,0.5,default_0.5,false_positive_real_as_fake,0.5012889504432678,0.0012889504432678223,borderline_near_threshold,2369,AFS23XGR7IH57QMPE5PHCWG7ZD4A,B08SJKR877,3/3/2021 2:53,Deceiving product,1,B08SJKR877,AFS23XGR7IH57QMPE5PHCWG7ZD4A,3/3/2021 2:53,0,0,Do not buy!!! Result not at all as shown on their photo. Result looks bad/as if it was clear. Blurry colors. Waste of money. Go for another brand.
304,1,1,0.501522421836853,0.5,default_0.5,correct,,0.0015224218368530273,borderline_near_threshold,304,AFSIGBVU7GRTZQXXVRD26OWCZQAQ,B08L35FBN4,4/13/2021 21:40,They Break Easy,1,B08L35FBN4,AFSIGBVU7GRTZQXXVRD26OWCZQAQ,4/13/2021 21:40,1,1,"Though they look really nice and seemed perfect, once I actually finally got to use it, the fastener broke off the white one, and then the light blue one I was able to get to close, but halfway through the day, the neck of one of the fasteners broke off as wel"
5174,1,1,0.501579225063324,0.5,default_0.5,correct,,0.0015792250633239746,borderline_near_threshold,5174,AFWF3RTORIUJ7CYPIFCFSAZGSXDQ,B08B1FNMMQ,1/27/2022 7:53,Product was fine but not right description,2,B08B1FNMMQ,AFWF3RTORIUJ7CYPIFCFSAZGSXDQ,1/27/2022 7:53,1,1,Only recieved 175 cuticle pushers vs 225.
3256,1,1,0.5016709566116333,0.5,default_0.5,correct,,0.0016709566116333008,borderline_near_threshold,3256,AHVVK3JROSUM377RHGS2ESK6ZWQQ,B088NH3GJ3,10/22/2020 23:40,Better than I expected.,5,B088NH3GJ3,AHVVK3JROSUM377RHGS2ESK6ZWQQ,10/22/2020 23:40,1,1,"I bought this package of spray bottles to replace a cleaning product broken sprayer.  I am very pleased.  Spray is good, bottle is nice and thick, sturdy, and I am able to see the level of liquid through the sheerness of the bottle.  Always good to have a spar"
4771,1,0,0.4981902539730072,0.5,default_0.5,false_negative_fake_as_real,0.5018097460269928,0.0018097460269927979,borderline_near_threshold,4771,AFZ4AQL4B674IT6MRWXBPYFADKUA,B07XH3BTFG,1/6/2020 11:26,Not interested to purchase next time,1,B07XH3BTFG,AFZ4AQL4B674IT6MRWXBPYFADKUA,1/6/2020 11:26,1,1,Baby loves baby shark but no way to take out one at a time.<br /><br />Took forever to see which one he wanted. Got very frustrated. Just threw them away. Plus not all of them worked. Bigger ones came out clear and other smaller ones just peeled off skin.
3619,1,1,0.5019075274467468,0.5,default_0.5,correct,,0.0019075274467468262,borderline_near_threshold,3619,AEFCJH3OI4OXTPZMU2TPO237J5TQ,B09JHRSPVS,12/22/2022 3:33,Expensive but cute,5,B09JHRSPVS,AEFCJH3OI4OXTPZMU2TPO237J5TQ,12/22/2022 3:33,1,1,"Got it since it was kinda trending. It is way too expensive for hand sanitizer to be honest. However, it smells really nice and it did not irritate eczema on my hands and fingers so that was nice to see. The packaging it comes in is super cute too."
5932,1,1,0.5020098090171814,0.5,default_0.5,correct,,0.0020098090171813965,borderline_near_threshold,5932,AEFMGOLNVSXRVMRTSFSO7C2FU7SA,B07G4PPF37,5/19/2020 14:53,I couldn't be happier!,5,B07G4PPF37,AEFMGOLNVSXRVMRTSFSO7C2FU7SA,5/19/2020 14:53,1,1,"I've been searching for the right cleanser for my extremely deep pores my entire adult life. I think I've finally found the perfect cleanser! I love the Lemon sage body wash by Bliss, and was so excited to try the clay to foam cleanser. I'm over the moon to sa"
618,1,0,0.4977729916572571,0.5,default_0.5,false_negative_fake_as_real,0.5022270083427429,0.00222700834274292,borderline_near_threshold,618,AECDSVXCHLVQG56YIPKNU6P2T4QQ,B073WQHFXB,12/22/2018 23:06,not so masculine,5,B073WQHFXB,AECDSVXCHLVQG56YIPKNU6P2T4QQ,12/22/2018 23:06,1,1,"I originally bought this as a gift for my son but he had no use for it so I then tried to give it to my husband who lovingly declined. The material is thin and durable (not stiff), but is a bit shiny which may not appeal to men. Seems durable to me, but I don'"
2459,1,0,0.4974238872528076,0.5,default_0.5,false_negative_fake_as_real,0.5025761127471924,0.002576112747192383,borderline_near_threshold,2459,AFHHJJOQBWF5ALBYM3WZQK4HOQRA,B019N8W1YM,1/17/2017 2:26,I hate buying hair online,5,B019N8W1YM,AFHHJJOQBWF5ALBYM3WZQK4HOQRA,1/17/2017 2:26,1,1,"I hate buying hair online! The pictures are always amazing but when you receive it in the mail, it's like &#34;DAMN, DAMN, DAMN&#34;. Most times, this is the case as soon as you lay eyes on the hair! Well, not this time! I received this hair in the mail today "
3440,1,0,0.49706047773361206,0.5,default_0.5,false_negative_fake_as_real,0.5029395222663879,0.0029395222663879395,borderline_near_threshold,3440,AHNSMLONPZP7QNZUOAURO7IIMWSQ,B01G02VHA8,12/30/2019 1:40,It works,5,B01G02VHA8,AHNSMLONPZP7QNZUOAURO7IIMWSQ,12/30/2019 1:40,1,1,This product works! I see my winkles under my eyes get smaller.
151,0,1,0.5038770437240601,0.5,default_0.5,false_positive_real_as_fake,0.5038770437240601,0.0038770437240600586,borderline_near_threshold,151,AFUDQJ6CCY2G363YAH26ACYS36KQ,B0793RGV6C,12/25/2019 5:00,Desepsionado d la compra,2,B0793RGV6C,AFUDQJ6CCY2G363YAH26ACYS36KQ,12/25/2019 5:00,0,0,No venía completo como se anunció
2716,1,1,0.5042232871055603,0.5,default_0.5,correct,,0.004223287105560303,borderline_near_threshold,2716,AH76DHR63QEE22ZGJ67H4JDL4EJQ,B00K0R0B3E,7/12/2015 19:40,"This brush makes it alot less painful, though it seems to brush the top layer ...",4,B00K0R0B3E,AH76DHR63QEE22ZGJ67H4JDL4EJQ,7/12/2015 19:40,1,1,"I bought this for my 4 year old who was complaining about her hair being brushed. This brush makes it alot less painful, though it seems to brush the top layer and you still need a regular brush to get all the hair layers afterward. Life has become much less t"
828,0,1,0.5042880177497864,0.5,default_0.5,false_positive_real_as_fake,0.5042880177497864,0.004288017749786377,borderline_near_threshold,828,AHVNJT5WD2SR6NIMPP5R2P2L2BVA,B08NS1QZY9,11/4/2021 12:46,It’s just rubbing alcohol!!!,1,B08NS1QZY9,AHVNJT5WD2SR6NIMPP5R2P2L2BVA,11/4/2021 12:46,0,0,"It’s has NO scent! Only smells like rubbing Alcohol. DONT BUY, I believe it’s a scam item."
1065,0,0,0.49544626474380493,0.5,default_0.5,correct,,0.004553735256195068,borderline_near_threshold,1065,AEIFUYEJVKNYDWBWQ3EWEFM2BFDA,B00EO5JV48,10/2/2018 0:26,"Love this product, size, and quality!",5,B00EO5JV48,AEIFUYEJVKNYDWBWQ3EWEFM2BFDA,10/2/2018 0:26,0,0,"Love this product, size, and quality! A similar product I buy from my hair store (shown left in the photo) is upward of $7 and only 10oz, so I’ll definitely buy from here now. Texture is smooth, and smell is as wonderful as expected with shea."
15,1,0,0.4953627586364746,0.5,default_0.5,false_negative_fake_as_real,0.5046372413635254,0.004637241363525391,borderline_near_threshold,15,AGCEMCVMW7D5RNNQ26EVCOTXT4ZQ,B07HBVV2NN,4/9/2019 20:00,Works well,4,B07HBVV2NN,AGCEMCVMW7D5RNNQ26EVCOTXT4ZQ,4/9/2019 20:00,1,1,Love that it's a brush and flat iron combination and seems well made but it doesn't work as well as a straight iron but does do the job especially for thinner hair
5336,1,0,0.49531257152557373,0.5,default_0.5,false_negative_fake_as_real,0.5046874284744263,0.0046874284744262695,borderline_near_threshold,5336,AG3OGYISNMLAYUKKGU3HJH3SG5YQ,B017QJGIYE,8/1/2016 16:46,I purchased these polishes to use in my salon and ...,3,B017QJGIYE,AG3OGYISNMLAYUKKGU3HJH3SG5YQ,8/1/2016 16:46,1,1,"I purchased these polishes to use in my salon and spa.  They are ok,  The seem to stain the nail bed even with a base coat.  I probably will not purchase them again.  They are decent in regards to the price."
2169,0,1,0.9872927665710449,0.6,phase5_selected_precision_threshold,false_positive_real_as_fake,0.9872927665710449,0.38729276657104494,false_positive_top,2169,AGUEFZUYXDUAC6DEFIHHMUAR3PEA,B01CTQC9J2,1/24/2017 1:06,Ehh,2,B01CTQC9J2,AGUEFZUYXDUAC6DEFIHHMUAR3PEA,1/24/2017 1:06,0,0,Ehh
2058,0,1,0.9852931499481201,0.6,phase5_selected_precision_threshold,false_positive_real_as_fake,0.9852931499481201,0.38529314994812014,false_positive_top,2058,AGRKZYDKMIYQSGCCFPNJENMTASFA,B07LDDP5TV,10/17/2020 18:40,nice and thick and soft,4,B07LDDP5TV,AGRKZYDKMIYQSGCCFPNJENMTASFA,10/17/2020 18:40,0,0,looks great!
3609,0,1,0.984893798828125,0.6,phase5_selected_precision_threshold,false_positive_real_as_fake,0.984893798828125,0.384893798828125,false_positive_top,3609,AFS37W3ZHLLPYEGY2R6HIT3ZAWAQ,B01LFO6IZK,12/7/2017 7:00,Three Stars,3,B01LFO6IZK,AFS37W3ZHLLPYEGY2R6HIT3ZAWAQ,12/7/2017 7:00,0,0,it's ok
2293,0,1,0.9844256043434143,0.6,phase5_selected_precision_threshold,false_positive_real_as_fake,0.9844256043434143,0.38442560434341433,false_positive_top,2293,AGIQCNVVTMVEMYP5WGVBGNNZXVRA,B079Y9LCXB,9/2/2018 20:26,100% effect,3,B079Y9LCXB,AGIQCNVVTMVEMYP5WGVBGNNZXVRA,9/2/2018 20:26,0,0,Excelent product
4060,0,1,0.9836122989654541,0.6,phase5_selected_precision_threshold,false_positive_real_as_fake,0.9836122989654541,0.3836122989654541,false_positive_top,4060,AEAK4M57EQ5CHHFMWXWPPDU7RU5Q,B01GQLTYLC,12/18/2016 16:53,Two Stars,2,B01GQLTYLC,AEAK4M57EQ5CHHFMWXWPPDU7RU5Q,12/18/2016 16:53,0,0,arrived very dry
4185,0,1,0.9795925617218018,0.6,phase5_selected_precision_threshold,false_positive_real_as_fake,0.9795925617218018,0.3795925617218018,false_positive_top,4185,AEUOKK4ZERRZ7RXMND2QCNJ4UHJQ,B08P4QQXHL,5/15/2021 14:46,Too tight and painful,2,B08P4QQXHL,AEUOKK4ZERRZ7RXMND2QCNJ4UHJQ,5/15/2021 14:46,0,0,Too tight and painful
1621,0,1,0.9795061349868774,0.6,phase5_selected_precision_threshold,false_positive_real_as_fake,0.9795061349868774,0.37950613498687746,false_positive_top,1621,AGHPJVTDIS2GSXPYHL3IGL46TKPA,B007BBW1WG,9/29/2016 3:33,Three Stars,3,B007BBW1WG,AGHPJVTDIS2GSXPYHL3IGL46TKPA,9/29/2016 3:33,0,0,Its an ok mask.
1535,0,1,0.9776700735092163,0.6,phase5_selected_precision_threshold,false_positive_real_as_fake,0.9776700735092163,0.37767007350921633,false_positive_top,1535,AF4ID4I76VMOPH7PCBFODAKK65KQ,B01MDTVZTZ,12/15/2022 18:46,Great product,4,B01MDTVZTZ,AF4ID4I76VMOPH7PCBFODAKK65KQ,12/15/2022 18:46,0,0,Pores are tightening
3992,0,1,0.9776427745819092,0.6,phase5_selected_precision_threshold,false_positive_real_as_fake,0.9776427745819092,0.3776427745819092,false_positive_top,3992,AEL26EZISWPJHAOQ2YI54CRVJREQ,B08TM1NJRD,4/18/2021 12:46,So-so,3,B08TM1NJRD,AEL26EZISWPJHAOQ2YI54CRVJREQ,4/18/2021 12:46,0,0,Expected more from the product
2370,0,1,0.9749425649642944,0.6,phase5_selected_precision_threshold,false_positive_real_as_fake,0.9749425649642944,0.37494256496429446,false_positive_top,2370,AHTJYSTDT4C4MDDDTGVWRWRQB74Q,B0184K0Y1M,6/9/2017 12:06,Three Stars,3,B0184K0Y1M,AHTJYSTDT4C4MDDDTGVWRWRQB74Q,6/9/2017 12:06,0,0,didn't fit my bottles.
3505,0,1,0.9747124910354614,0.6,phase5_selected_precision_threshold,false_positive_real_as_fake,0.9747124910354614,0.37471249103546145,false_positive_top,3505,AFVJBMNSE72SB2S42HGV2A3C4QMA,B07VL7KQM7,6/15/2020 3:00,"Loses its hair, poor quality.",2,B07VL7KQM7,AFVJBMNSE72SB2S42HGV2A3C4QMA,6/15/2020 3:00,0,0,"Loses its hair, poor quality."
4606,0,1,0.9729975461959839,0.6,phase5_selected_precision_threshold,false_positive_real_as_fake,0.9729975461959839,0.3729975461959839,false_positive_top,4606,AFCZPXDUS6HFEXUB4MGI5BPQ6LTA,B008FHGBNU,11/15/2019 6:40,It gets the tangles out,4,B008FHGBNU,AFCZPXDUS6HFEXUB4MGI5BPQ6LTA,11/15/2019 6:40,0,0,My granddaughter uses it
3446,0,1,0.9716868996620178,0.6,phase5_selected_precision_threshold,false_positive_real_as_fake,0.9716868996620178,0.37168689966201784,false_positive_top,3446,AH72NX6WDBZQOOHVI4NLLDSIUJHQ,B07CHS3866,7/1/2018 21:20,Four Stars,4,B07CHS3866,AH72NX6WDBZQOOHVI4NLLDSIUJHQ,7/1/2018 21:20,0,0,just started using it.
6007,0,1,0.9716604948043823,0.6,phase5_selected_precision_threshold,false_positive_real_as_fake,0.9716604948043823,0.37166049480438235,false_positive_top,6007,AHFHCUK3MXCZ3NBNSVEC2MF27Y6A,B01J4UYFG6,11/3/2017 6:20,Four Stars,4,B01J4UYFG6,AHFHCUK3MXCZ3NBNSVEC2MF27Y6A,11/3/2017 6:20,0,0,Great! Doesn’t flake.
6095,0,1,0.968321681022644,0.6,phase5_selected_precision_threshold,false_positive_real_as_fake,0.968321681022644,0.36832168102264407,false_positive_top,6095,AEFCHGBZFUDQQ36INJU46IXGTAMA,B075WF94X4,6/24/2022 0:20,works ok,4,B075WF94X4,AEFCHGBZFUDQQ36INJU46IXGTAMA,6/24/2022 0:20,0,0,still working
1052,0,1,0.9652600288391113,0.6,phase5_selected_precision_threshold,false_positive_real_as_fake,0.9652600288391113,0.36526002883911135,false_positive_top,1052,AHGZJTURP7T7KZT2JLLYAJ5WDYCQ,B01LZERDW6,10/26/2017 15:00,good for the price,4,B01LZERDW6,AHGZJTURP7T7KZT2JLLYAJ5WDYCQ,10/26/2017 15:00,0,0,"Very cute, good for the price."
2574,0,1,0.9644493460655212,0.6,phase5_selected_precision_threshold,false_positive_real_as_fake,0.9644493460655212,0.36444934606552126,false_positive_top,2574,AFKMAW55BXSUW2NTUYWRACBL4WRQ,B08CXB2Z69,2/23/2021 0:26,Wasn't satisfied,3,B08CXB2Z69,AFKMAW55BXSUW2NTUYWRACBL4WRQ,2/23/2021 0:26,0,0,Not was what expected
1482,0,1,0.9636409282684326,0.6,phase5_selected_precision_threshold,false_positive_real_as_fake,0.9636409282684326,0.36364092826843264,false_positive_top,1482,AHY2YBW5W5PJC5PAZMYX4I5VXPCA,B08KY9H3FD,3/2/2021 18:33,look nice,3,B08KY9H3FD,AHY2YBW5W5PJC5PAZMYX4I5VXPCA,3/2/2021 18:33,0,0,look good but edges lift very quickly
4884,0,1,0.9626616835594177,0.6,phase5_selected_precision_threshold,false_positive_real_as_fake,0.9626616835594177,0.36266168355941775,false_positive_top,4884,AFSUYR64A5EIPCZ4OGNDJHJHL6MA,B07DGCTKZK,9/25/2018 1:46,Three stars,3,B07DGCTKZK,AFSUYR64A5EIPCZ4OGNDJHJHL6MA,9/25/2018 1:46,0,0,Good enough quality for a cheap price.
4599,0,1,0.9610920548439026,0.6,phase5_selected_precision_threshold,false_positive_real_as_fake,0.9610920548439026,0.3610920548439026,false_positive_top,4599,AFHJ3I373JRGUJOUTHMVND2VMYHA,B06WWL6NLH,7/27/2017 21:13,Three Stars,3,B06WWL6NLH,AFHJ3I373JRGUJOUTHMVND2VMYHA,7/27/2017 21:13,0,0,Not long enough
3560,0,1,0.961039125919342,0.6,phase5_selected_precision_threshold,false_positive_real_as_fake,0.961039125919342,0.36103912591934206,false_positive_top,3560,AFMQ3ZSFJ2AFIC254PM35OPZZWTQ,B08Q3ZWQSY,3/16/2021 2:00,Doesn’t stay on,2,B08Q3ZWQSY,AFMQ3ZSFJ2AFIC254PM35OPZZWTQ,3/16/2021 2:00,0,0,Don’t stay on when sleeping
933,0,1,0.9560989141464233,0.6,phase5_selected_precision_threshold,false_positive_real_as_fake,0.9560989141464233,0.35609891414642336,false_positive_top,933,AGXONXJERTMCIDOP5HOSWCLSX5DA,B01JH0T0Q8,7/16/2018 14:06,No rough skin,4,B01JH0T0Q8,AGXONXJERTMCIDOP5HOSWCLSX5DA,7/16/2018 14:06,0,0,A good cream
4448,0,1,0.9520449638366699,0.6,phase5_selected_precision_threshold,false_positive_real_as_fake,0.9520449638366699,0.35204496383666994,false_positive_top,4448,AECDPSORHNEOAIXUOO7YB3SL4HMQ,B07GFT71J7,6/25/2019 16:26,Its ok,4,B07GFT71J7,AECDPSORHNEOAIXUOO7YB3SL4HMQ,6/25/2019 16:26,0,0,Its ok
4899,0,1,0.9471533298492432,0.6,phase5_selected_precision_threshold,false_positive_real_as_fake,0.9471533298492432,0.3471533298492432,false_positive_top,4899,AH3JXEIP3QNPGEXMXWL2SAWMWVRA,B08TH51DYQ,5/12/2021 17:20,Frizz problem,4,B08TH51DYQ,AH3JXEIP3QNPGEXMXWL2SAWMWVRA,5/12/2021 17:20,0,0,Pretty but will Frizz very quickly
5307,0,1,0.946035623550415,0.6,phase5_selected_precision_threshold,false_positive_real_as_fake,0.946035623550415,0.34603562355041506,false_positive_top,5307,AE4VY3S3R2GGGR2HE4LVDUTWHA2Q,B07BJZ5MH8,11/14/2019 22:20,Horrible,3,B07BJZ5MH8,AE4VY3S3R2GGGR2HE4LVDUTWHA2Q,11/14/2019 22:20,0,0,Sucks
563,1,0,0.012330513447523117,0.6,phase5_selected_precision_threshold,false_negative_fake_as_real,0.9876694865524769,0.5876694865524769,false_negative_top,563,AESCMVUHBQXJ2ZEZZY7GYOBFNT7Q,B08TBH486Y,5/29/2022 13:13,Love it,5,B08TBH486Y,AESCMVUHBQXJ2ZEZZY7GYOBFNT7Q,5/29/2022 13:13,1,1,"I used this wig with my Halloween costume. This wig is super soft, easy to comb and style."
6277,1,0,0.012842858210206032,0.6,phase5_selected_precision_threshold,false_negative_fake_as_real,0.987157141789794,0.587157141789794,false_negative_top,6277,AEHU7EQ2DWEVKFPJSPVLY6XDSHDA,B07L8K15KD,10/13/2021 18:33,Great,5,B07L8K15KD,AEHU7EQ2DWEVKFPJSPVLY6XDSHDA,10/13/2021 18:33,1,1,"I ordered four sets. I only received two duplicates out of all of them. I'm assuming I got so lucky since I ordered them all together. Either way, I'm very happy with my purchase."
5403,1,0,0.013806678354740143,0.6,phase5_selected_precision_threshold,false_negative_fake_as_real,0.9861933216452599,0.5861933216452598,false_negative_top,5403,AH2ML2DWN5L22FTFWLQHZDT6MX5A,B07HD2L4YK,7/12/2019 2:53,Love it,4,B07HD2L4YK,AH2ML2DWN5L22FTFWLQHZDT6MX5A,7/12/2019 2:53,1,1,"I have really curly hair, and it did a great job straightening my hair."
4711,1,0,0.01576753333210945,0.6,phase5_selected_precision_threshold,false_negative_fake_as_real,0.9842324666678905,0.5842324666678905,false_negative_top,4711,AFN7L27IXV33TGCI4FHVE552JH2A,B07QZ4JC62,1/29/2020 23:20,Nice,4,B07QZ4JC62,AFN7L27IXV33TGCI4FHVE552JH2A,1/29/2020 23:20,1,1,This is nice quality and has held up well after many uses.
3212,1,0,0.01717022806406021,0.6,phase5_selected_precision_threshold,false_negative_fake_as_real,0.9828297719359398,0.5828297719359398,false_negative_top,3212,AGLJNCRKYLCFTNXDPJ2HYAWMFOUQ,B084NTBWQT,2/20/2022 15:13,Excellent,5,B084NTBWQT,AGLJNCRKYLCFTNXDPJ2HYAWMFOUQ,2/20/2022 15:13,1,1,"Beautiful designs, they are just the right size for the nail."
5982,1,0,0.017591755837202072,0.6,phase5_selected_precision_threshold,false_negative_fake_as_real,0.9824082441627979,0.5824082441627979,false_negative_top,5982,AFRKM5NWSIU6H543FQHLNN5ZNWSA,B09TKJQPN4,10/4/2022 2:20,Good,5,B09TKJQPN4,AFRKM5NWSIU6H543FQHLNN5ZNWSA,10/4/2022 2:20,1,1,Good  quality hair  I  bleached  it  several  times  n  it's  still soft
3137,1,0,0.01858983002603054,0.6,phase5_selected_precision_threshold,false_negative_fake_as_real,0.9814101699739695,0.5814101699739694,false_negative_top,3137,AHXNHLOD7E7ENVJ4QJEJIVFAOT5A,B0011DL8T2,9/23/2015 23:13,great,5,B0011DL8T2,AHXNHLOD7E7ENVJ4QJEJIVFAOT5A,9/23/2015 23:13,1,1,not lotion or oil really just rose water leaves skin nice and fresh with a gentle scent
2343,1,0,0.02014067769050598,0.6,phase5_selected_precision_threshold,false_negative_fake_as_real,0.979859322309494,0.579859322309494,false_negative_top,2343,AGHWHRNCF2AJBD7UNS7JHUK7XSYA,B00NQ2CCOQ,9/12/2018 11:00,Amazing,5,B00NQ2CCOQ,AGHWHRNCF2AJBD7UNS7JHUK7XSYA,9/12/2018 11:00,1,1,"Excellent company I got the item 2-3weels early. Smells great, perfect fir breast feeding"
2192,1,0,0.02027667872607708,0.6,phase5_selected_precision_threshold,false_negative_fake_as_real,0.9797233212739229,0.5797233212739229,false_negative_top,2192,AFVVSP4QRQCORIAEG4V4PIJQOXGA,B017O89LD2,8/12/2018 2:13,Great,5,B017O89LD2,AFVVSP4QRQCORIAEG4V4PIJQOXGA,8/12/2018 2:13,1,1,One of the few products that have consistantly detangled my hair and I have 5 different textures.
4464,1,0,0.02291511744260788,0.6,phase5_selected_precision_threshold,false_negative_fake_as_real,0.9770848825573921,0.5770848825573921,false_negative_top,4464,AH23OXHZNCXO2BGCUPHABIYPBE4Q,B091HZTZKZ,8/1/2021 17:46,Love it,4,B091HZTZKZ,AH23OXHZNCXO2BGCUPHABIYPBE4Q,8/1/2021 17:46,1,1,This unit is great. Very soft light weight and tangle free.
1469,1,0,0.0240645632147789,0.6,phase5_selected_precision_threshold,false_negative_fake_as_real,0.9759354367852211,0.5759354367852211,false_negative_top,1469,AGHZCZA7T43JCQQVXK6DCF32RAYQ,B07T96KT58,4/23/2020 2:46,Love it,5,B07T96KT58,AGHZCZA7T43JCQQVXK6DCF32RAYQ,4/23/2020 2:46,1,1,"I love this little thing, I love putting my own scents in it, I am so grateful I purchased it"
638,1,0,0.024590812623500824,0.6,phase5_selected_precision_threshold,false_negative_fake_as_real,0.9754091873764992,0.5754091873764992,false_negative_top,638,AEK25X7OZRXBKNW7G6Y6VOSDB2VQ,B088FQRMQN,7/17/2020 23:53,great,5,B088FQRMQN,AEK25X7OZRXBKNW7G6Y6VOSDB2VQ,7/17/2020 23:53,1,1,Loved this product gave my bun a fuller fluffy look!
822,1,0,0.0247042216360569,0.6,phase5_selected_precision_threshold,false_negative_fake_as_real,0.9752957783639431,0.5752957783639431,false_negative_top,822,AECBK62FXFZFHXA65QVYGWTESICA,B09B4XGMKZ,8/8/2022 17:33,Amazing,5,B09B4XGMKZ,AECBK62FXFZFHXA65QVYGWTESICA,8/8/2022 17:33,1,1,"This product was bought for a family member who has a bad eye. Which they said it is very comfortable, and helps them tremendously"
6208,1,0,0.025182418525218964,0.6,phase5_selected_precision_threshold,false_negative_fake_as_real,0.974817581474781,0.574817581474781,false_negative_top,6208,AFL5UWOTUBQ73KIZF7YKPJGFPIEQ,B087R6RGGL,3/25/2021 8:13,Great,5,B087R6RGGL,AFL5UWOTUBQ73KIZF7YKPJGFPIEQ,3/25/2021 8:13,1,1,I like thebhair I purchased 3 packs because I was unsure but I love it. Light not heavy at all. No complaints
5833,1,0,0.02541181445121765,0.6,phase5_selected_precision_threshold,false_negative_fake_as_real,0.9745881855487823,0.5745881855487823,false_negative_top,5833,AF4JQ2HPCD6QVWSK6TVXKWFUI6TA,B06XFQGQX7,12/6/2018 1:33,Excellent,5,B06XFQGQX7,AF4JQ2HPCD6QVWSK6TVXKWFUI6TA,12/6/2018 1:33,1,1,This wax is very thick and smooth. It sets every hair in the brows very nicely
401,1,0,0.02639012038707733,0.6,phase5_selected_precision_threshold,false_negative_fake_as_real,0.9736098796129227,0.5736098796129226,false_negative_top,401,AHIHLZXKVQEKSTUXWENB37MCNP4Q,B01H54UGU2,8/18/2021 15:20,NOT the Correct Blonde,1,B01H54UGU2,AHIHLZXKVQEKSTUXWENB37MCNP4Q,8/18/2021 15:20,1,1,The blonde in the image is much lighter than what I received.
3913,1,0,0.026872005313634872,0.6,phase5_selected_precision_threshold,false_negative_fake_as_real,0.9731279946863651,0.5731279946863651,false_negative_top,3913,AE43BNBY4RPUZ5UIL5B5VXIGGIPA,B07H8VF1WT,3/18/2022 13:26,Love it,5,B07H8VF1WT,AE43BNBY4RPUZ5UIL5B5VXIGGIPA,3/18/2022 13:26,1,1,This spray is soft yet holds my hair. I love it
4900,1,0,0.02770961821079254,0.6,phase5_selected_precision_threshold,false_negative_fake_as_real,0.9722903817892075,0.5722903817892074,false_negative_top,4900,AHL7P7BUWERK3FFGFYC6NINYUJLQ,B08BZ3KPS7,9/16/2020 18:13,Great,5,B08BZ3KPS7,AHL7P7BUWERK3FFGFYC6NINYUJLQ,9/16/2020 18:13,1,1,Great for my hair salon. Easy to use and no fuss
1118,1,0,0.028521867468953133,0.6,phase5_selected_precision_threshold,false_negative_fake_as_real,0.9714781325310469,0.5714781325310468,false_negative_top,1118,AFYTI7B4BJSFPAN2P4Q3L54GJAZQ,B09B75BK97,2/12/2023 19:26,Excellent,5,B09B75BK97,AFYTI7B4BJSFPAN2P4Q3L54GJAZQ,2/12/2023 19:26,1,1,"I use it to sleep & relax. I also applied oils, and cream, before placing it. It really moist my neck.<br />Thank you.."
1042,1,0,0.028589684516191483,0.6,phase5_selected_precision_threshold,false_negative_fake_as_real,0.9714103154838085,0.5714103154838085,false_negative_top,1042,AHEVJTCQGJZZLZOFGHNZS5ZUSRUQ,B07772WDWH,8/6/2019 16:46,Love It,5,B07772WDWH,AHEVJTCQGJZZLZOFGHNZS5ZUSRUQ,8/6/2019 16:46,1,1,"I have straight hair but with this product the curl stays.  After I wash my hair, I spray my brush rollers with this and set my hair.  The curl stays....."
496,1,0,0.028802689164876938,0.6,phase5_selected_precision_threshold,false_negative_fake_as_real,0.9711973108351231,0.571197310835123,false_negative_top,496,AFUXUFABW57CMEL3PO7ACRVGPFWA,B00MS93CCY,4/11/2015 5:26,Excellent,5,B00MS93CCY,AFUXUFABW57CMEL3PO7ACRVGPFWA,4/11/2015 5:26,1,1,"Excellent and easy to use, make sure when purchasing that you have the punch and anvil, this package does not come with them"
354,1,0,0.029418587684631348,0.6,phase5_selected_precision_threshold,false_negative_fake_as_real,0.9705814123153687,0.5705814123153686,false_negative_top,354,AGC5OEBRBQJRYLQUYW6BMWGR2E7A,B083DJCNRC,7/7/2020 22:13,Great,5,B083DJCNRC,AGC5OEBRBQJRYLQUYW6BMWGR2E7A,7/7/2020 22:13,1,1,I definitely recommend this product. It shipped very fast and was exactly as pictured. The bristles are perfect for dry brushing because they are firm yet soft. They don’t irritate or hurt my skin.
5762,1,0,0.030838970094919205,0.6,phase5_selected_precision_threshold,false_negative_fake_as_real,0.9691610299050808,0.5691610299050808,false_negative_top,5762,AHP2YDF6KJTA3BON7RU5HGGLYLEQ,B07PVYFVJS,4/16/2019 21:26,Love it,5,B07PVYFVJS,AHP2YDF6KJTA3BON7RU5HGGLYLEQ,4/16/2019 21:26,1,1,Hair was soft and true to length also takes color great
6061,1,0,0.030930662527680397,0.6,phase5_selected_precision_threshold,false_negative_fake_as_real,0.9690693374723196,0.5690693374723196,false_negative_top,6061,AFSIUBEKTGCLG4S3FHXP3SYYNOAQ,B08TBNT45S,11/5/2021 16:33,Nice,4,B08TBNT45S,AFSIUBEKTGCLG4S3FHXP3SYYNOAQ,11/5/2021 16:33,1,1,"I’m suffering from oil skin and this helps me a lot, especially while I’m at work!"
4499,1,0,0.031103502959012985,0.6,phase5_selected_precision_threshold,false_negative_fake_as_real,0.968896497040987,0.568896497040987,false_negative_top,4499,AHF7KBJZSGU554GWHPPR7HLEZETQ,B08676YMWC,6/11/2021 5:40,Amazing,5,B08676YMWC,AHF7KBJZSGU554GWHPPR7HLEZETQ,6/11/2021 5:40,1,1,I absolutely love love love this hair. I bleached and colored and still had minimal shedding and no tangling. Will definitely be ordering again.
563,1,0,0.012330513447523117,0.6,phase5_selected_precision_threshold,false_negative_fake_as_real,0.9876694865524769,0.5876694865524769,highest_confidence_wrong,563,AESCMVUHBQXJ2ZEZZY7GYOBFNT7Q,B08TBH486Y,5/29/2022 13:13,Love it,5,B08TBH486Y,AESCMVUHBQXJ2ZEZZY7GYOBFNT7Q,5/29/2022 13:13,1,1,"I used this wig with my Halloween costume. This wig is super soft, easy to comb and style."
2169,0,1,0.9872927665710449,0.6,phase5_selected_precision_threshold,false_positive_real_as_fake,0.9872927665710449,0.38729276657104494,highest_confidence_wrong,2169,AGUEFZUYXDUAC6DEFIHHMUAR3PEA,B01CTQC9J2,1/24/2017 1:06,Ehh,2,B01CTQC9J2,AGUEFZUYXDUAC6DEFIHHMUAR3PEA,1/24/2017 1:06,0,0,Ehh
6277,1,0,0.012842858210206032,0.6,phase5_selected_precision_threshold,false_negative_fake_as_real,0.987157141789794,0.587157141789794,highest_confidence_wrong,6277,AEHU7EQ2DWEVKFPJSPVLY6XDSHDA,B07L8K15KD,10/13/2021 18:33,Great,5,B07L8K15KD,AEHU7EQ2DWEVKFPJSPVLY6XDSHDA,10/13/2021 18:33,1,1,"I ordered four sets. I only received two duplicates out of all of them. I'm assuming I got so lucky since I ordered them all together. Either way, I'm very happy with my purchase."
5403,1,0,0.013806678354740143,0.6,phase5_selected_precision_threshold,false_negative_fake_as_real,0.9861933216452599,0.5861933216452598,highest_confidence_wrong,5403,AH2ML2DWN5L22FTFWLQHZDT6MX5A,B07HD2L4YK,7/12/2019 2:53,Love it,4,B07HD2L4YK,AH2ML2DWN5L22FTFWLQHZDT6MX5A,7/12/2019 2:53,1,1,"I have really curly hair, and it did a great job straightening my hair."
2058,0,1,0.9852931499481201,0.6,phase5_selected_precision_threshold,false_positive_real_as_fake,0.9852931499481201,0.38529314994812014,highest_confidence_wrong,2058,AGRKZYDKMIYQSGCCFPNJENMTASFA,B07LDDP5TV,10/17/2020 18:40,nice and thick and soft,4,B07LDDP5TV,AGRKZYDKMIYQSGCCFPNJENMTASFA,10/17/2020 18:40,0,0,looks great!
3609,0,1,0.984893798828125,0.6,phase5_selected_precision_threshold,false_positive_real_as_fake,0.984893798828125,0.384893798828125,highest_confidence_wrong,3609,AFS37W3ZHLLPYEGY2R6HIT3ZAWAQ,B01LFO6IZK,12/7/2017 7:00,Three Stars,3,B01LFO6IZK,AFS37W3ZHLLPYEGY2R6HIT3ZAWAQ,12/7/2017 7:00,0,0,it's ok
2293,0,1,0.9844256043434143,0.6,phase5_selected_precision_threshold,false_positive_real_as_fake,0.9844256043434143,0.38442560434341433,highest_confidence_wrong,2293,AGIQCNVVTMVEMYP5WGVBGNNZXVRA,B079Y9LCXB,9/2/2018 20:26,100% effect,3,B079Y9LCXB,AGIQCNVVTMVEMYP5WGVBGNNZXVRA,9/2/2018 20:26,0,0,Excelent product
4711,1,0,0.01576753333210945,0.6,phase5_selected_precision_threshold,false_negative_fake_as_real,0.9842324666678905,0.5842324666678905,highest_confidence_wrong,4711,AFN7L27IXV33TGCI4FHVE552JH2A,B07QZ4JC62,1/29/2020 23:20,Nice,4,B07QZ4JC62,AFN7L27IXV33TGCI4FHVE552JH2A,1/29/2020 23:20,1,1,This is nice quality and has held up well after many uses.
4060,0,1,0.9836122989654541,0.6,phase5_selected_precision_threshold,false_positive_real_as_fake,0.9836122989654541,0.3836122989654541,highest_confidence_wrong,4060,AEAK4M57EQ5CHHFMWXWPPDU7RU5Q,B01GQLTYLC,12/18/2016 16:53,Two Stars,2,B01GQLTYLC,AEAK4M57EQ5CHHFMWXWPPDU7RU5Q,12/18/2016 16:53,0,0,arrived very dry
3212,1,0,0.01717022806406021,0.6,phase5_selected_precision_threshold,false_negative_fake_as_real,0.9828297719359398,0.5828297719359398,highest_confidence_wrong,3212,AGLJNCRKYLCFTNXDPJ2HYAWMFOUQ,B084NTBWQT,2/20/2022 15:13,Excellent,5,B084NTBWQT,AGLJNCRKYLCFTNXDPJ2HYAWMFOUQ,2/20/2022 15:13,1,1,"Beautiful designs, they are just the right size for the nail."
5982,1,0,0.017591755837202072,0.6,phase5_selected_precision_threshold,false_negative_fake_as_real,0.9824082441627979,0.5824082441627979,highest_confidence_wrong,5982,AFRKM5NWSIU6H543FQHLNN5ZNWSA,B09TKJQPN4,10/4/2022 2:20,Good,5,B09TKJQPN4,AFRKM5NWSIU6H543FQHLNN5ZNWSA,10/4/2022 2:20,1,1,Good  quality hair  I  bleached  it  several  times  n  it's  still soft
3137,1,0,0.01858983002603054,0.6,phase5_selected_precision_threshold,false_negative_fake_as_real,0.9814101699739695,0.5814101699739694,highest_confidence_wrong,3137,AHXNHLOD7E7ENVJ4QJEJIVFAOT5A,B0011DL8T2,9/23/2015 23:13,great,5,B0011DL8T2,AHXNHLOD7E7ENVJ4QJEJIVFAOT5A,9/23/2015 23:13,1,1,not lotion or oil really just rose water leaves skin nice and fresh with a gentle scent
2343,1,0,0.02014067769050598,0.6,phase5_selected_precision_threshold,false_negative_fake_as_real,0.979859322309494,0.579859322309494,highest_confidence_wrong,2343,AGHWHRNCF2AJBD7UNS7JHUK7XSYA,B00NQ2CCOQ,9/12/2018 11:00,Amazing,5,B00NQ2CCOQ,AGHWHRNCF2AJBD7UNS7JHUK7XSYA,9/12/2018 11:00,1,1,"Excellent company I got the item 2-3weels early. Smells great, perfect fir breast feeding"
2192,1,0,0.02027667872607708,0.6,phase5_selected_precision_threshold,false_negative_fake_as_real,0.9797233212739229,0.5797233212739229,highest_confidence_wrong,2192,AFVVSP4QRQCORIAEG4V4PIJQOXGA,B017O89LD2,8/12/2018 2:13,Great,5,B017O89LD2,AFVVSP4QRQCORIAEG4V4PIJQOXGA,8/12/2018 2:13,1,1,One of the few products that have consistantly detangled my hair and I have 5 different textures.
4185,0,1,0.9795925617218018,0.6,phase5_selected_precision_threshold,false_positive_real_as_fake,0.9795925617218018,0.3795925617218018,highest_confidence_wrong,4185,AEUOKK4ZERRZ7RXMND2QCNJ4UHJQ,B08P4QQXHL,5/15/2021 14:46,Too tight and painful,2,B08P4QQXHL,AEUOKK4ZERRZ7RXMND2QCNJ4UHJQ,5/15/2021 14:46,0,0,Too tight and painful
1621,0,1,0.9795061349868774,0.6,phase5_selected_precision_threshold,false_positive_real_as_fake,0.9795061349868774,0.37950613498687746,highest_confidence_wrong,1621,AGHPJVTDIS2GSXPYHL3IGL46TKPA,B007BBW1WG,9/29/2016 3:33,Three Stars,3,B007BBW1WG,AGHPJVTDIS2GSXPYHL3IGL46TKPA,9/29/2016 3:33,0,0,Its an ok mask.
1535,0,1,0.9776700735092163,0.6,phase5_selected_precision_threshold,false_positive_real_as_fake,0.9776700735092163,0.37767007350921633,highest_confidence_wrong,1535,AF4ID4I76VMOPH7PCBFODAKK65KQ,B01MDTVZTZ,12/15/2022 18:46,Great product,4,B01MDTVZTZ,AF4ID4I76VMOPH7PCBFODAKK65KQ,12/15/2022 18:46,0,0,Pores are tightening
3992,0,1,0.9776427745819092,0.6,phase5_selected_precision_threshold,false_positive_real_as_fake,0.9776427745819092,0.3776427745819092,highest_confidence_wrong,3992,AEL26EZISWPJHAOQ2YI54CRVJREQ,B08TM1NJRD,4/18/2021 12:46,So-so,3,B08TM1NJRD,AEL26EZISWPJHAOQ2YI54CRVJREQ,4/18/2021 12:46,0,0,Expected more from the product
4464,1,0,0.02291511744260788,0.6,phase5_selected_precision_threshold,false_negative_fake_as_real,0.9770848825573921,0.5770848825573921,highest_confidence_wrong,4464,AH23OXHZNCXO2BGCUPHABIYPBE4Q,B091HZTZKZ,8/1/2021 17:46,Love it,4,B091HZTZKZ,AH23OXHZNCXO2BGCUPHABIYPBE4Q,8/1/2021 17:46,1,1,This unit is great. Very soft light weight and tangle free.
1469,1,0,0.0240645632147789,0.6,phase5_selected_precision_threshold,false_negative_fake_as_real,0.9759354367852211,0.5759354367852211,highest_confidence_wrong,1469,AGHZCZA7T43JCQQVXK6DCF32RAYQ,B07T96KT58,4/23/2020 2:46,Love it,5,B07T96KT58,AGHZCZA7T43JCQQVXK6DCF32RAYQ,4/23/2020 2:46,1,1,"I love this little thing, I love putting my own scents in it, I am so grateful I purchased it"
638,1,0,0.024590812623500824,0.6,phase5_selected_precision_threshold,false_negative_fake_as_real,0.9754091873764992,0.5754091873764992,highest_confidence_wrong,638,AEK25X7OZRXBKNW7G6Y6VOSDB2VQ,B088FQRMQN,7/17/2020 23:53,great,5,B088FQRMQN,AEK25X7OZRXBKNW7G6Y6VOSDB2VQ,7/17/2020 23:53,1,1,Loved this product gave my bun a fuller fluffy look!
822,1,0,0.0247042216360569,0.6,phase5_selected_precision_threshold,false_negative_fake_as_real,0.9752957783639431,0.5752957783639431,highest_confidence_wrong,822,AECBK62FXFZFHXA65QVYGWTESICA,B09B4XGMKZ,8/8/2022 17:33,Amazing,5,B09B4XGMKZ,AECBK62FXFZFHXA65QVYGWTESICA,8/8/2022 17:33,1,1,"This product was bought for a family member who has a bad eye. Which they said it is very comfortable, and helps them tremendously"
2370,0,1,0.9749425649642944,0.6,phase5_selected_precision_threshold,false_positive_real_as_fake,0.9749425649642944,0.37494256496429446,highest_confidence_wrong,2370,AHTJYSTDT4C4MDDDTGVWRWRQB74Q,B0184K0Y1M,6/9/2017 12:06,Three Stars,3,B0184K0Y1M,AHTJYSTDT4C4MDDDTGVWRWRQB74Q,6/9/2017 12:06,0,0,didn't fit my bottles.
6208,1,0,0.025182418525218964,0.6,phase5_selected_precision_threshold,false_negative_fake_as_real,0.974817581474781,0.574817581474781,highest_confidence_wrong,6208,AFL5UWOTUBQ73KIZF7YKPJGFPIEQ,B087R6RGGL,3/25/2021 8:13,Great,5,B087R6RGGL,AFL5UWOTUBQ73KIZF7YKPJGFPIEQ,3/25/2021 8:13,1,1,I like thebhair I purchased 3 packs because I was unsure but I love it. Light not heavy at all. No complaints
3505,0,1,0.9747124910354614,0.6,phase5_selected_precision_threshold,false_positive_real_as_fake,0.9747124910354614,0.37471249103546145,highest_confidence_wrong,3505,AFVJBMNSE72SB2S42HGV2A3C4QMA,B07VL7KQM7,6/15/2020 3:00,"Loses its hair, poor quality.",2,B07VL7KQM7,AFVJBMNSE72SB2S42HGV2A3C4QMA,6/15/2020 3:00,0,0,"Loses its hair, poor quality."
2442,1,1,0.6002568006515503,0.6,phase5_selected_precision_threshold,correct,,0.0002568006515503152,borderline_near_threshold,2442,AHXP5MXKEIDMLVWLQV2BRYBVES6Q,B004F0PEE8,7/11/2020 23:26,Good Brush!!,5,B004F0PEE8,AHXP5MXKEIDMLVWLQV2BRYBVES6Q,7/11/2020 23:26,1,1,Great Brush doesn't damage my hair!
2046,1,0,0.5989742279052734,0.6,phase5_selected_precision_threshold,false_negative_fake_as_real,0.40102577209472656,0.0010257720947265403,borderline_near_threshold,2046,AF35EKM5YBORHADDNEJX2XZIIG6Q,B07NYR2NTJ,3/31/2019 19:20,Isn’t magnetic :/,1,B07NYR2NTJ,AF35EKM5YBORHADDNEJX2XZIIG6Q,3/31/2019 19:20,1,1,The eyeliner itself seems really nice. Smells like lavender which i love. But I bought it for my magnetic lashes. Which doesn’t work at all. As nice as the liner is. Not worth $35. Gonna have to return or see if the company can send me one that actually works.
1200,1,1,0.6015695333480835,0.6,phase5_selected_precision_threshold,correct,,0.0015695333480835183,borderline_near_threshold,1200,AGBBCOLH5YDKVMOWMGHKSBOSUCSQ,B07RP6475D,6/4/2020 0:20,Great alternative to Clinique makeup sponges,5,B07RP6475D,AGBBCOLH5YDKVMOWMGHKSBOSUCSQ,6/4/2020 0:20,1,1,I've been having a hard time finding replacements since Clinique discontinued their make up sponges.  These seem to work just fine.  They fit in the compact (they are a tiny bit thicker than the Clinique brand ones) and they apply just like the other ones did.
318,1,1,0.6023286581039429,0.6,phase5_selected_precision_threshold,correct,,0.0023286581039428933,borderline_near_threshold,318,AG7QMH37PJSCMBMJUFPM4SNBGF4A,B000FCTVP8,6/7/2007 21:00,"This product amazingly, works!",4,B000FCTVP8,AG7QMH37PJSCMBMJUFPM4SNBGF4A,6/7/2007 21:00,1,1,"In combination with an appropriate diet and healthy life, this product seems to work pretty well. I've noticed changes in the aspect of my belly skin which indeed is firmer and toner. I also use this product on my thighs which had that ""orange skin"" aspect. Wi"
2839,1,1,0.602462649345398,0.6,phase5_selected_precision_threshold,correct,,0.0024626493453979714,borderline_near_threshold,2839,AEC2QASH6BHKKIH7P7EILCFVWZDQ,B08BYMRM3V,1/27/2021 15:06,Missing perm rod but works well,4,B08BYMRM3V,AEC2QASH6BHKKIH7P7EILCFVWZDQ,1/27/2021 15:06,1,1,Pro:  Solutions work well. I only left it on for the shortest recommended time to be safe the first time. And only did one eye at a time so I could see well. I like the results.<br />Con:  Missing one of the perm rods but it’s the shortest set and I can make d
141,1,0,0.5974084138870239,0.6,phase5_selected_precision_threshold,false_negative_fake_as_real,0.4025915861129761,0.002591586112976052,borderline_near_threshold,141,AETQPCM7PPVHP754HSN6SNM5RGAQ,B007S6CX0E,8/29/2013 21:00,Wow!,5,B007S6CX0E,AETQPCM7PPVHP754HSN6SNM5RGAQ,8/29/2013 21:00,1,1,"This wig is absolutely stunning! I love the way I feel & look in it! It's absolutely wonderful & very good quality, not to mention a ridiculously good price! I love to switch the pigtails so they are on the opposite color sides, I.E. blue pigtail on the black "
2313,1,1,0.6030111908912659,0.6,phase5_selected_precision_threshold,correct,,0.0030111908912658913,borderline_near_threshold,2313,AGHWC5RA2RHZKDQVSZ67SMXAJEWQ,B007WFZ0XI,12/23/2014 15:53,Thumbs Up!,5,B007WFZ0XI,AGHWC5RA2RHZKDQVSZ67SMXAJEWQ,12/23/2014 15:53,1,1,thank you for the great high-quality products!
3700,1,1,0.6030698418617249,0.6,phase5_selected_precision_threshold,correct,,0.0030698418617248757,borderline_near_threshold,3700,AH32FBTNC4WGRGFPHLWOYRNZOFKQ,B0896J5GVX,8/18/2021 20:53,Great for art/craft tools ~ LOVE my Caboodles !!!,5,B0896J5GVX,AH32FBTNC4WGRGFPHLWOYRNZOFKQ,8/18/2021 20:53,1,1,I’m a member of a local ceramic studio and use this little gem for my sharps and trimming tools. Great for tossing into my storage locker with concern of stability. I also own two sizes of Caboodle totes!!! Love these products !!!
1007,1,1,0.603929340839386,0.6,phase5_selected_precision_threshold,correct,,0.0039293408393860085,borderline_near_threshold,1007,AEANL5A5DWIETKMWXU24MF7RMEFA,B0722HKRHH,4/1/2019 0:53,Small but worth it,5,B0722HKRHH,AEANL5A5DWIETKMWXU24MF7RMEFA,4/1/2019 0:53,1,1,I used all thread polishes.. the rose gold seems to be the only one that is metallic and looks like metal.
4235,1,1,0.6039678454399109,0.6,phase5_selected_precision_threshold,correct,,0.003967845439910911,borderline_near_threshold,4235,AH3VATDJYYCMJLZQE7F2MI2RL2DA,B018SA6E58,6/29/2017 18:13,DO NOT BUY THIS PRODUCT!,1,B018SA6E58,AH3VATDJYYCMJLZQE7F2MI2RL2DA,6/29/2017 18:13,1,1,"DO NOT BUY THIS PRODUCT!  Not elastic, nor bow tied, just a strip of material!  I didn't read the reviews first, don't follow my mistake."
2468,0,0,0.5958596467971802,0.6,phase5_selected_precision_threshold,correct,,0.004140353202819802,borderline_near_threshold,2468,AHOBSZKENYVJERMJMLUP3UNX5EIA,B01E3C1PTA,12/23/2016 8:00,Best wig ever if you wear it right.,5,B01E3C1PTA,AHOBSZKENYVJERMJMLUP3UNX5EIA,12/23/2016 8:00,0,0,"Absolutely beautiful, realistic and light weight. There is minimal tangling, however the scalp is unrealistic looking but I comb the hair over. This is my FAVORITE WIG!"
2404,1,1,0.6042494773864746,0.6,phase5_selected_precision_threshold,correct,,0.004249477386474632,borderline_near_threshold,2404,AGDMXN47VMOK7TB4EGSCLWJ43QRA,B012Q9NGE4,7/9/2016 16:00,Helped heal my dry scalp and scalp irritation; softened my hair,5,B012Q9NGE4,AGDMXN47VMOK7TB4EGSCLWJ43QRA,7/9/2016 16:00,1,1,"I've noticed after having kids that my hair is aging with the rest of my body. My scalp had been irritated from frequent hair coloring, and I'd also been having issues with dry scalp. I went on a mission to improve my scalp health. I wash my hair every other d"
4003,1,0,0.5953416228294373,0.6,phase5_selected_precision_threshold,false_negative_fake_as_real,0.40465837717056274,0.004658377170562722,borderline_near_threshold,4003,AFVP3BK2LEP3Z4WAA4ZTCZLEXTMQ,B004X172AS,12/28/2015 2:33,Disappointed!!!,1,B004X172AS,AFVP3BK2LEP3Z4WAA4ZTCZLEXTMQ,12/28/2015 2:33,1,1,I used this product on my abs for a month straight. I didn't see a change in the toning of my skin. I was very excited to receive this product but in the end I was very disappointed
3059,1,1,0.604719877243042,0.6,phase5_selected_precision_threshold,correct,,0.004719877243042014,borderline_near_threshold,3059,AGPTXMMT55A4XKYMZ36C3XWVDMHA,B015LVJ6WA,10/24/2016 20:13,Great!,4,B015LVJ6WA,AGPTXMMT55A4XKYMZ36C3XWVDMHA,10/24/2016 20:13,1,1,I really like both of these products.  They actually DO smell like grapefruit!  Both products seem to work well without irritating or drying out my very sensitive skin.  I like the body wash a little more than the face wash.
4382,1,1,0.604873776435852,0.6,phase5_selected_precision_threshold,correct,,0.004873776435852073,borderline_near_threshold,4382,AERIWFGCTUJ2HBAVM7B2MI6F5OMA,B099BLC99J,5/15/2022 21:26,Love it!!!,5,B099BLC99J,AERIWFGCTUJ2HBAVM7B2MI6F5OMA,5/15/2022 21:26,1,1,Works great for ears/rose/ face and groin areas!!! Love my smooth man!
6345,1,1,0.6049141883850098,0.6,phase5_selected_precision_threshold,correct,,0.004914188385009788,borderline_near_threshold,6345,AFAHXHFI3EBLPTRIMP22IEKEXFFA,B017XBO9SC,9/18/2016 17:33,I love it!,5,B017XBO9SC,AFAHXHFI3EBLPTRIMP22IEKEXFFA,9/18/2016 17:33,1,1,I love it !! The real thing !!! Its smells so chocolaty !! It stayed all day . Cant wait to buy more !!! Highly recommended .👍🏼
5410,1,1,0.6049529314041138,0.6,phase5_selected_precision_threshold,correct,,0.004952931404113792,borderline_near_threshold,5410,AGFLWDBZUB62P7XQWYVNNZLRCFPQ,B07FFG6TGS,11/15/2019 6:40,Nice texture,5,B07FFG6TGS,AGFLWDBZUB62P7XQWYVNNZLRCFPQ,11/15/2019 6:40,1,1,"This has a nice texture and it seems to make my skin shine. I think it gives me a new youthful radiance, so thanks."
4391,0,0,0.5950209498405457,0.6,phase5_selected_precision_threshold,correct,,0.0049790501594543235,borderline_near_threshold,4391,AE2476JFPPBWZGG7YRPAB66ZPV4A,B08GPKRWW5,2/7/2021 1:06,READ BEFORE YOU BUY,4,B08GPKRWW5,AE2476JFPPBWZGG7YRPAB66ZPV4A,2/7/2021 1:06,0,0,These stickers look great. Don't look like the easiest stickers I've had but look plenty manageable and cute. I'll update once i use them but people need to READ everything before they buy these. The white ones are not blank or missing people. Don't let that d
6311,1,1,0.6052496433258057,0.6,phase5_selected_precision_threshold,correct,,0.005249643325805686,borderline_near_threshold,6311,AEPM4TOZZC5DZML3NR2B45BHUB5Q,B019GBG0IE,5/26/2017 23:06,This seems to work pretty well. It occasionally slips of the end of ...,4,B019GBG0IE,AEPM4TOZZC5DZML3NR2B45BHUB5Q,5/26/2017 23:06,1,1,"This seems to work pretty well.  It occasionally slips of the end of my dryer, but overall I am pretty satisfied."
954,1,1,0.6053981781005859,0.6,phase5_selected_precision_threshold,correct,,0.00539817810058596,borderline_near_threshold,954,AFISHZAAWI53JKNMFU3DUAYKYLMA,B09FJKFGL9,10/17/2021 19:46,"NO STARS, had to pick 1 to review",1,B09FJKFGL9,AFISHZAAWI53JKNMFU3DUAYKYLMA,10/17/2021 19:46,1,1,I made 1 brow and it didn't even stay within the stencil grid. Then doing the 2nd brow the powder seemed dried up & really hard to apply to the applicator when your holding the stencil. DON'T BUY THIS.
3021,0,0,0.594439685344696,0.6,phase5_selected_precision_threshold,correct,,0.005560314655303933,borderline_near_threshold,3021,AFEYN43IFTJTZ65HKNV3QC5LZEKA,B002C6G7O8,2/2/2022 0:00,#1 Brush!!,5,B002C6G7O8,AFEYN43IFTJTZ65HKNV3QC5LZEKA,2/2/2022 0:00,0,0,best brush ive ever owned and will own
805,1,0,0.5934078693389893,0.6,phase5_selected_precision_threshold,false_negative_fake_as_real,0.40659213066101074,0.00659213066101072,borderline_near_threshold,805,AED6TQBEQZHIDRNHMAJXOQ3GEGBA,B0719KWG8H,3/30/2018 17:13,It is beautiful and very sturdy,5,B0719KWG8H,AED6TQBEQZHIDRNHMAJXOQ3GEGBA,3/30/2018 17:13,1,1,"It is beautiful and very sturdy, making it a very good value.  Can't wait to see it on our Senior Ball Queen!"
2426,1,1,0.6067696213722229,0.6,phase5_selected_precision_threshold,correct,,0.006769621372222923,borderline_near_threshold,2426,AHN5W7WMYPJVGSLDM5Y66WEBWQBQ,B0865ZVQ43,8/15/2020 16:46,"Tried it, not good",2,B0865ZVQ43,AHN5W7WMYPJVGSLDM5Y66WEBWQBQ,8/15/2020 16:46,1,1,"While this shaver has usb charging and a nice lcd screen to monitor battery usage, it’s a terrible shaver for me. It doesn’t glide well, the blades don't seem to move fast enough and it doesn’t cut well. It leaves a stubble and takes forever to even get a pass"
4225,1,1,0.6069360375404358,0.6,phase5_selected_precision_threshold,correct,,0.006936037540435813,borderline_near_threshold,4225,AGFRLVV6QPH6ED7IBAQET3BIPWUA,B08LKNQHXZ,12/9/2021 20:00,It was really good,5,B08LKNQHXZ,AGFRLVV6QPH6ED7IBAQET3BIPWUA,12/9/2021 20:00,1,1,Let’s just say I was changed ❤️
3207,1,1,0.6073237061500549,0.6,phase5_selected_precision_threshold,correct,,0.007323706150054954,borderline_near_threshold,3207,AFKM6IL5GTCB77DO6VOJXP4JIWHQ,B004GHIEZQ,5/21/2015 23:13,Five Stars,5,B004GHIEZQ,AFKM6IL5GTCB77DO6VOJXP4JIWHQ,5/21/2015 23:13,1,1,Love this product.  Smells wonderful citrus aroma!
